ID_RESIDENCIA;AREA;QUARTOS;BANHEIROS;ANDARES;FLAG_CENTRO;FLAG_QUARTO_HOSPEDE;FLAG_PORAO;FLAG_AGUA_MORNA;FLAG_AR_CONDICIONADO;VAGAS_ESTACIONAMENTO;FLAG_AREA_PREFERENCIAL;MOBILIADA;PRECO;PRECO_ESTIMADO
A1;7420;4.0;2.0;3;SIM;NAO;NAO;;SIM;2.0;SIM;SIM;13300000;8239445.324453307
A2;8960;4.0;4.0;4;SIM;NAO;;NAO;SIM;3.0;NAO;SIM;12250000;10359804.786333874
A3;9960;;2.0;2;SIM;NAO;SIM;NAO;NAO;2.0;SIM;PARCIALMENTE;12250000;7553090.176182646
A4;7500;4.0;2.0;2;SIM;NAO;SIM;NAO;SIM;3.0;SIM;SIM;12215000;8469831.74941436
A5;7420;4.0;1.0;2;SIM;SIM;SIM;NAO;SIM;2.0;NAO;SIM;11410000;6961376.690064805
A6;7500;3.0;3.0;1;SIM;NAO;SIM;NAO;SIM;2.0;SIM;PARCIALMENTE;10850000;8196051.125776501
A7;8580;4.0;3.0;4;SIM;NAO;NAO;NAO;SIM;2.0;SIM;PARCIALMENTE;10150000;9692021.094505817
A8;16200;5.0;3.0;2;SIM;NAO;NAO;NAO;NAO;0.0;NAO;NAO;10150000;8095030.42225476
A9;8100;4.0;1.0;2;SIM;SIM;SIM;NAO;SIM;2.0;SIM;SIM;9870000;7802879.143550372
A10;5750;;;4;SIM;SIM;NAO;NAO;SIM;1.0;SIM;NAO;9800000;6972934.743896639
A11;13200;3.0;1.0;2;SIM;NAO;SIM;;SIM;2.0;SIM;SIM;9800000;8448748.251088534
A12;6000;4.0;3.0;2;SIM;SIM;SIM;SIM;NAO;;NAO;PARCIALMENTE;9681000;7641063.368160151
A13;6550;;2.0;2;SIM;NAO;NAO;NAO;SIM;1.0;SIM;;9310000;6944534.54908631
A14;3500;4.0;;2;SIM;NAO;NAO;SIM;NAO;2.0;NAO;SIM;9240000;5461642.173694961
A15;7800;3.0;2.0;2;SIM;NAO;NAO;NAO;NAO;0.0;SIM;PARCIALMENTE;9240000;6043143.205011444
A16;6000;4.0;1.0;2;SIM;NAO;SIM;NAO;NAO;2.0;NAO;PARCIALMENTE;9100000;5308365.9380062865
A17;6600;4.0;2.0;2;SIM;SIM;SIM;NAO;SIM;1.0;SIM;NAO;9100000;7550436.467406929
A18;8500;3.0;2.0;4;SIM;NAO;NAO;NAO;SIM;2.0;NAO;SIM;8960000;8127476.909741962
A19;4600;3.0;2.0;2;SIM;SIM;NAO;NAO;SIM;2.0;NAO;SIM;8890000;6604129.045353616
A20;6420;3.0;2.0;2;SIM;NAO;NAO;NAO;SIM;1.0;SIM;PARCIALMENTE;8855000;6915287.885674249
A21;4320;3.0;1.0;2;SIM;NAO;SIM;SIM;NAO;2.0;NAO;PARCIALMENTE;8750000;5746677.946676433
A22;7155;3.0;2.0;1;SIM;SIM;SIM;NAO;SIM;2.0;NAO;NAO;8680000;6650943.290376214
A23;8050;3.0;1.0;1;SIM;SIM;SIM;NAO;SIM;1.0;NAO;SIM;8645000;6131400.0769979935
A24;4560;3.0;;2;SIM;SIM;SIM;NAO;SIM;1.0;NAO;SIM;8645000;5839915.374423988
A25;8800;3.0;2.0;2;SIM;NAO;NAO;NAO;SIM;2.0;NAO;SIM;8575000;7207617.764177907
A26;6540;4.0;2.0;2;SIM;SIM;SIM;NAO;SIM;2.0;SIM;SIM;8540000;8277321.6638079025
A27;6000;3.0;2.0;4;SIM;SIM;SIM;NAO;SIM;0.0;SIM;PARCIALMENTE;8463000;8219741.378515052
A28;8875;3.0;1.0;1;SIM;NAO;NAO;NAO;NAO;1.0;NAO;PARCIALMENTE;8400000;4595330.712257875
A29;7950;;;2;SIM;NAO;;SIM;NAO;2.0;NAO;NAO;8400000;5880236.000199035
A30;5500;4.0;;2;SIM;NAO;SIM;NAO;SIM;1.0;SIM;PARCIALMENTE;8400000;6431131.521453835
A31;7475;3.0;2.0;4;SIM;NAO;NAO;NAO;SIM;2.0;NAO;NAO;8400000;7474432.769761551
A32;7000;3.0;;4;SIM;NAO;NAO;NAO;SIM;2.0;NAO;PARCIALMENTE;8400000;6837140.266239513
A33;4880;4.0;2.0;2;SIM;NAO;NAO;NAO;SIM;1.0;SIM;SIM;8295000;6856396.584631247
A34;5960;3.0;;2;SIM;SIM;SIM;NAO;NAO;1.0;NAO;NAO;8190000;4867762.94149126
A35;6840;5.0;;2;SIM;SIM;SIM;NAO;SIM;1.0;NAO;SIM;8120000;6673049.879467087
A36;7000;3.0;2.0;4;SIM;NAO;NAO;NAO;SIM;2.0;NAO;SIM;8080940;7790015.408833563
A37;7482;3.0;2.0;3;SIM;NAO;NAO;SIM;NAO;1.0;SIM;SIM;8043000;7887053.361346541
A38;9000;4.0;2.0;4;SIM;NAO;NAO;NAO;SIM;2.0;NAO;SIM;7980000;8400060.588542596
A39;6000;3.0;1.0;4;SIM;SIM;NAO;NAO;SIM;2.0;NAO;NAO;7962500;6658596.629718583
A40;6000;4.0;;4;SIM;NAO;NAO;NAO;SIM;1.0;NAO;PARCIALMENTE;7910000;6454324.235387443
A41;6550;3.0;1.0;2;SIM;NAO;SIM;NAO;SIM;0.0;SIM;SIM;7875000;6316792.512906028
A42;6360;3.0;2.0;4;SIM;NAO;NAO;NAO;SIM;0.0;SIM;SIM;7840000;7698675.324031131
A43;6480;3.0;2.0;4;SIM;NAO;NAO;NAO;SIM;2.0;NAO;NAO;7700000;7250583.307492314
A44;6000;4.0;2.0;4;SIM;NAO;NAO;NAO;NAO;2.0;NAO;PARCIALMENTE;7700000;6732993.872579787
A45;6000;4.0;2.0;4;SIM;NAO;NAO;NAO;SIM;1.0;NAO;SIM;7560000;7407199.377981495
A46;6000;3.0;2.0;3;SIM;NAO;NAO;;SIM;0.0;NAO;PARCIALMENTE;7560000;6308016.273141369
A47;6000;;2.0;4;SIM;NAO;NAO;NAO;SIM;1.0;NAO;SIM;7525000;7247102.866150327
A48;6600;3.0;;4;SIM;NAO;NAO;NAO;SIM;3.0;SIM;SIM;7490000;7881081.309207123
A49;4300;3.0;;2;SIM;NAO;SIM;NAO;NAO;1.0;NAO;NAO;7455000;4152902.063433411
A50;7440;;2.0;1;SIM;SIM;SIM;NAO;SIM;0.0;SIM;;7420000;7062677.2507685125
A51;7440;3.0;2.0;4;SIM;NAO;NAO;NAO;NAO;1.0;SIM;NAO;7420000;6972469.31298225
A52;6325;3.0;;4;SIM;NAO;NAO;NAO;SIM;1.0;NAO;;7420000;6367344.382086428
A53;6000;4.0;2.0;4;SIM;SIM;NAO;;SIM;1.0;NAO;SIM;7350000;7748602.861700717
A54;5150;3.0;2.0;4;SIM;NAO;NAO;NAO;SIM;2.0;NAO;PARCIALMENTE;7350000;7246340.229654754
A55;6000;3.0;2.0;2;SIM;SIM;NAO;NAO;SIM;1.0;NAO;PARCIALMENTE;7350000;6473682.242732029
A56;6000;3.0;1.0;2;SIM;NAO;NAO;NAO;SIM;1.0;NAO;;7350000;5306876.277810542
A57;11440;4.0;1.0;2;SIM;NAO;SIM;NAO;NAO;1.0;SIM;PARCIALMENTE;7343000;6902808.012296863
A58;9000;4.0;2.0;4;SIM;SIM;NAO;NAO;SIM;;SIM;SIM;7245000;8794107.561180301
A59;7680;4.0;2.0;4;SIM;SIM;NAO;NAO;;1.0;NAO;PARCIALMENTE;7210000;7134416.028572109
A60;6000;3.0;;4;SIM;SIM;;NAO;SIM;1.0;NAO;SIM;7210000;6763103.868667284
A61;6000;3.0;2.0;2;SIM;SIM;;NAO;NAO;1.0;NAO;PARCIALMENTE;7140000;5609011.189977802
A62;8880;2.0;1.0;1;SIM;NAO;NAO;;SIM;;NAO;PARCIALMENTE;7070000;4983091.9161063265
A63;6240;4.0;2.0;2;SIM;NAO;NAO;NAO;SIM;1.0;NAO;SIM;7070000;6473841.772381103
A64;6360;4.0;2.0;3;SIM;NAO;NAO;NAO;SIM;2.0;SIM;SIM;7035000;8000972.53047804
A65;11175;3.0;1.0;1;SIM;NAO;SIM;NAO;SIM;;SIM;SIM;7000000;6863623.084500721
A66;8880;3.0;2.0;2;SIM;NAO;SIM;NAO;SIM;1.0;NAO;SIM;6930000;7295803.494523218
A67;13200;2.0;;1;SIM;NAO;SIM;SIM;NAO;1.0;NAO;SIM;6930000;6900212.249997593
A68;7700;3.0;2.0;1;SIM;NAO;NAO;NAO;NAO;2.0;NAO;NAO;6895000;5179353.773524981
A69;6000;;1.0;1;SIM;NAO;NAO;NAO;SIM;1.0;NAO;SIM;6860000;4940673.216329459
A70;12090;4.0;2.0;2;SIM;NAO;NAO;;NAO;2.0;SIM;SIM;6790000;7931728.688321024
A71;4000;;2.0;2;SIM;NAO;SIM;;SIM;0.0;SIM;PARCIALMENTE;6790000;6441037.781172231
A72;6000;4.0;;4;SIM;NAO;NAO;NAO;SIM;0.0;NAO;NAO;6755000;5841413.24034192
A73;5020;3.0;1.0;4;SIM;NAO;;NAO;SIM;0.0;SIM;NAO;6720000;6149361.787657691
A74;6600;2.0;2.0;4;SIM;NAO;SIM;NAO;NAO;0.0;SIM;SIM;6685000;7116027.59196558
A75;4040;3.0;;2;SIM;NAO;SIM;SIM;NAO;1.0;NAO;SIM;6650000;5493219.585821012
A76;4260;4.0;;2;SIM;NAO;NAO;SIM;NAO;0.0;NAO;PARCIALMENTE;6650000;4869273.588608154
A77;6420;3.0;2.0;3;SIM;NAO;NAO;NAO;SIM;0.0;SIM;SIM;6650000;7218498.061194599
A78;6500;3.0;2.0;3;SIM;NAO;NAO;NAO;SIM;0.0;SIM;SIM;6650000;7236496.007909713
A79;5700;3.0;1.0;1;SIM;SIM;SIM;NAO;SIM;2.0;SIM;;6650000;6481695.846001115
A80;6000;3.0;2.0;3;SIM;SIM;NAO;NAO;SIM;0.0;NAO;SIM;6650000;6776892.418252379
A81;6000;3.0;1.0;2;SIM;NAO;NAO;SIM;NAO;1.0;SIM;PARCIALMENTE;6629000;6107090.532982124
A82;4000;3.0;2.0;2;SIM;NAO;SIM;NAO;SIM;1.0;NAO;PARCIALMENTE;6615000;6070456.083509443
A83;10500;3.0;2.0;1;SIM;NAO;SIM;NAO;SIM;;SIM;SIM;6615000;7537167.890294207
A84;6000;3.0;;4;SIM;NAO;NAO;NAO;SIM;0.0;NAO;PARCIALMENTE;6580000;5976289.514811972
A85;3760;3.0;;2;SIM;NAO;NAO;SIM;NAO;2.0;NAO;;6510000;5232566.32729613
A86;8250;3.0;2.0;3;SIM;NAO;NAO;NAO;SIM;0.0;NAO;SIM;6510000;6941681.185895752
A87;6670;3.0;1.0;3;SIM;NAO;;NAO;NAO;0.0;SIM;NAO;6510000;5162222.663029834
A88;3960;3.0;1.0;1;SIM;NAO;SIM;NAO;NAO;2.0;NAO;;6475000;4195646.062066831
A89;7410;3.0;1.0;1;SIM;SIM;SIM;NAO;SIM;2.0;SIM;NAO;6475000;6571429.170735469
A90;8580;5.0;;2;SIM;NAO;NAO;NAO;NAO;2.0;NAO;SIM;6440000;5788242.900417183
A91;5000;3.0;;2;SIM;NAO;NAO;NAO;SIM;0.0;NAO;PARCIALMENTE;6440000;4763963.735127306
A92;6750;2.0;1.0;1;SIM;SIM;SIM;NAO;NAO;2.0;SIM;SIM;6419000;5820623.993443383
A93;4800;;2.0;4;SIM;SIM;NAO;NAO;SIM;0.0;NAO;SIM;6405000;7000598.940398527
A94;7200;3.0;2.0;1;SIM;NAO;SIM;NAO;SIM;3.0;NAO;PARCIALMENTE;6300000;6932574.646729767
A95;6000;4.0;2.0;4;SIM;NAO;NAO;NAO;NAO;1.0;NAO;PARCIALMENTE;6300000;6415055.663835483
A96;4100;3.0;2.0;3;SIM;NAO;NAO;NAO;SIM;2.0;NAO;PARCIALMENTE;6300000;6516441.456146007
A97;9000;;1.0;1;SIM;NAO;SIM;NAO;NAO;;SIM;SIM;6300000;5509632.855429316
A98;6400;3.0;1.0;1;SIM;SIM;SIM;NAO;SIM;1.0;SIM;PARCIALMENTE;6300000;6321239.671014061
A99;6600;3.0;2.0;3;SIM;NAO;NAO;NAO;SIM;0.0;SIM;NAO;6293000;6836547.993610602
A100;6000;4.0;1.0;3;SIM;SIM;SIM;;NAO;0.0;SIM;NAO;6265000;5901115.847215639
A101;6600;;2.0;1;SIM;NAO;SIM;;SIM;0.0;SIM;NAO;6230000;6237322.540239368
A102;5500;3.0;1.0;3;SIM;NAO;NAO;;NAO;;SIM;NAO;6230000;4899002.692321284
A103;5500;3.0;2.0;4;SIM;SIM;NAO;NAO;SIM;1.0;NAO;PARCIALMENTE;6195000;7348546.521508299
A104;6350;3.0;2.0;3;SIM;SIM;;NAO;SIM;0.0;NAO;SIM;6195000;6855633.435131004
A105;5500;3.0;2.0;1;SIM;SIM;SIM;NAO;NAO;2.0;SIM;SIM;6195000;6524905.069053153
A106;4500;3.0;1.0;4;SIM;NAO;;NAO;SIM;;NAO;NAO;6160000;5343855.227602354
A107;5450;4.0;2.0;1;SIM;NAO;SIM;NAO;SIM;;SIM;PARCIALMENTE;6160000;6433671.354341982
A108;6420;3.0;1.0;3;SIM;NAO;SIM;;NAO;0.0;SIM;NAO;6125000;5494105.071919601
A109;3240;4.0;1.0;3;SIM;NAO;NAO;NAO;NAO;1.0;NAO;PARCIALMENTE;6107500;4475048.298088897
A110;6615;4.0;2.0;2;SIM;SIM;NAO;SIM;NAO;1.0;NAO;PARCIALMENTE;6090000;6883832.318700131
A111;6600;3.0;1.0;1;SIM;SIM;SIM;NAO;NAO;2.0;SIM;PARCIALMENTE;6090000;5819501.693791924
A112;8372;;;3;SIM;NAO;NAO;NAO;SIM;2.0;NAO;NAO;6090000;6357156.5432296395
A113;4300;6.0;2.0;2;SIM;NAO;NAO;NAO;NAO;0.0;NAO;SIM;6083000;5174975.326703378
A114;9620;3.0;1.0;1;SIM;NAO;SIM;NAO;NAO;2.0;SIM;SIM;6083000;6284993.359960062
A115;6800;;1.0;1;SIM;SIM;SIM;NAO;NAO;;NAO;SIM;6020000;4667572.898075797
A116;8000;3.0;1.0;1;SIM;SIM;SIM;;SIM;2.0;SIM;PARCIALMENTE;6020000;6999136.814060656
A117;6900;3.0;2.0;1;SIM;SIM;SIM;NAO;NAO;;SIM;NAO;6020000;5781547.271386042
A118;3700;4.0;1.0;2;SIM;SIM;NAO;;SIM;0.0;NAO;SIM;5950000;5100469.757948869
A119;6420;3.0;1.0;1;SIM;NAO;SIM;NAO;SIM;0.0;SIM;SIM;5950000;5793870.126621099
A120;7020;3.0;1.0;1;SIM;NAO;SIM;NAO;SIM;2.0;SIM;PARCIALMENTE;5950000;6437258.483081281
A121;6540;3.0;1.0;1;SIM;SIM;SIM;;NAO;2.0;SIM;SIM;5950000;5933475.895147375
A122;7231;3.0;1.0;2;SIM;SIM;SIM;NAO;SIM;0.0;SIM;PARCIALMENTE;5950000;6683930.856645877
A123;6254;4.0;2.0;1;SIM;NAO;SIM;NAO;NAO;1.0;SIM;PARCIALMENTE;5950000;6067817.87481896
A124;7320;4.0;2.0;2;SIM;NAO;NAO;NAO;NAO;0.0;NAO;SIM;5950000;5534204.791536618
A125;6525;3.0;2.0;4;SIM;NAO;NAO;NAO;NAO;1.0;NAO;;5950000;6373070.677322254
A126;15600;3.0;;1;SIM;NAO;NAO;NAO;SIM;2.0;NAO;PARCIALMENTE;5943000;7290892.369495723
A127;7160;3.0;1.0;1;SIM;NAO;SIM;;NAO;2.0;SIM;NAO;5880000;5309111.050777285
A128;6500;3.0;;3;SIM;NAO;NAO;;SIM;0.0;NAO;NAO;5880000;5300128.172607351
A129;5500;;1.0;3;SIM;SIM;NAO;NAO;SIM;1.0;NAO;;5873000;6029468.317433165
A130;11460;3.0;1.0;3;SIM;NAO;NAO;NAO;NAO;2.0;SIM;PARCIALMENTE;5873000;7170698.926387144
A131;4800;3.0;1.0;1;SIM;SIM;SIM;NAO;NAO;0.0;NAO;NAO;5866000;3795178.7825049274
A132;5828;;1.0;4;SIM;SIM;NAO;NAO;NAO;0.0;NAO;PARCIALMENTE;5810000;5414326.36033947
A133;5200;3.0;;3;SIM;NAO;NAO;NAO;SIM;0.0;NAO;PARCIALMENTE;5810000;5302634.324787959
A134;4800;3.0;1.0;3;SIM;NAO;NAO;NAO;SIM;0.0;NAO;NAO;5810000;4917671.804911166
A135;7000;3.0;1.0;1;SIM;NAO;SIM;NAO;NAO;2.0;SIM;PARCIALMENTE;5803000;5568087.943648275
A136;6000;3.0;2.0;4;SIM;NAO;NAO;NAO;SIM;0.0;NAO;NAO;5775000;6506719.209713018
A137;5400;4.0;2.0;2;SIM;NAO;NAO;NAO;SIM;2.0;NAO;NAO;5740000;6180356.092923701
A138;4640;4.0;1.0;2;SIM;NAO;NAO;;NAO;1.0;NAO;PARCIALMENTE;5740000;4296336.642730534
A139;5000;3.0;1.0;3;SIM;NAO;NAO;NAO;;0.0;NAO;PARCIALMENTE;5740000;4392968.405245945
A140;6360;3.0;1.0;1;SIM;SIM;SIM;NAO;SIM;2.0;SIM;SIM;5740000;6757651.567792594
A141;5800;3.0;2.0;4;SIM;NAO;NAO;NAO;SIM;0.0;NAO;NAO;5740000;6461724.342925232
A142;6660;4.0;2.0;2;SIM;SIM;SIM;NAO;NAO;1.0;SIM;PARCIALMENTE;5652500;6994236.660990257
A143;10500;4.0;2.0;2;SIM;NAO;NAO;NAO;NAO;1.0;NAO;PARCIALMENTE;5600000;6440088.72081494
A144;4800;;2.0;3;NAO;NAO;SIM;SIM;NAO;0.0;NAO;NAO;5600000;5833186.528749017
A145;4700;4.0;1.0;2;SIM;SIM;SIM;NAO;SIM;1.0;NAO;SIM;5600000;6031508.293006606
A146;5000;3.0;;4;SIM;NAO;NAO;;NAO;0.0;NAO;SIM;5600000;5014116.789510598
A147;10500;2.0;1.0;1;SIM;NAO;NAO;NAO;NAO;1.0;NAO;PARCIALMENTE;5600000;4800817.493077472
A148;5500;3.0;2.0;2;SIM;NAO;NAO;NAO;NAO;;NAO;PARCIALMENTE;5600000;4837182.330544809
A149;6360;3.0;1.0;3;SIM;NAO;NAO;NAO;NAO;0.0;SIM;PARCIALMENTE;5600000;5387453.405809984
A150;6600;4.0;2.0;1;SIM;NAO;SIM;NAO;NAO;0.0;SIM;PARCIALMENTE;5600000;5827720.785617527
A151;5136;3.0;1.0;2;SIM;SIM;SIM;NAO;SIM;0.0;SIM;NAO;5600000;5917636.8407425955
A152;4400;4.0;1.0;2;SIM;NAO;NAO;NAO;SIM;2.0;SIM;PARCIALMENTE;5565000;6113471.970490815
A153;5400;5.0;1.0;2;SIM;SIM;SIM;NAO;SIM;;SIM;SIM;5565000;6719668.536257813
A154;3300;3.0;;2;SIM;NAO;SIM;;NAO;0.0;NAO;PARCIALMENTE;5530000;3904962.307051394
A155;3650;3.0;2.0;2;SIM;NAO;NAO;NAO;NAO;2.0;NAO;PARCIALMENTE;5530000;5056856.230246394
A156;6100;;2.0;1;SIM;NAO;SIM;NAO;NAO;2.0;SIM;SIM;5530000;6318486.185697289
A157;6900;3.0;;1;SIM;SIM;SIM;NAO;NAO;0.0;SIM;PARCIALMENTE;5523000;5251117.576484996
A158;2817;4.0;2.0;2;NAO;SIM;SIM;NAO;NAO;1.0;NAO;SIM;5495000;5158904.952144226
A159;7980;3.0;1.0;1;SIM;NAO;NAO;NAO;NAO;2.0;NAO;PARCIALMENTE;5495000;4711916.892126836
A160;3150;3.0;2.0;1;SIM;SIM;SIM;NAO;SIM;0.0;NAO;SIM;5460000;5536490.113155188
A161;6210;4.0;1.0;4;SIM;SIM;;NAO;SIM;0.0;NAO;SIM;5460000;6652506.781881323
A162;6100;3.0;1.0;3;SIM;SIM;NAO;NAO;SIM;0.0;SIM;PARCIALMENTE;5460000;6535034.615459312
A163;6600;4.0;2.0;2;SIM;SIM;SIM;NAO;NAO;0.0;SIM;PARCIALMENTE;5460000;6662799.992209617
A164;6825;3.0;1.0;1;SIM;SIM;SIM;;SIM;0.0;SIM;PARCIALMENTE;5425000;6098915.554193802
A165;6710;3.0;2.0;2;SIM;SIM;SIM;NAO;NAO;1.0;SIM;SIM;5390000;6972861.527247822
A166;6450;3.0;2.0;1;SIM;SIM;SIM;SIM;NAO;0.0;NAO;NAO;5383000;5968154.316225151
A167;7800;3.0;1.0;1;SIM;NAO;SIM;NAO;SIM;2.0;SIM;NAO;5320000;6317765.6772524305
A168;4600;2.0;;1;SIM;NAO;NAO;NAO;SIM;2.0;NAO;PARCIALMENTE;5285000;4656078.1843363065
A169;4260;4.0;1.0;2;SIM;NAO;SIM;NAO;SIM;0.0;NAO;SIM;5250000;5273177.893609949
A170;6540;4.0;;2;NAO;NAO;NAO;NAO;SIM;0.0;NAO;PARCIALMENTE;5250000;4860812.622721018
A171;5500;3.0;2.0;1;SIM;NAO;SIM;;NAO;0.0;NAO;PARCIALMENTE;5250000;4731632.600046443
A172;10269;3.0;1.0;1;SIM;NAO;NAO;NAO;NAO;1.0;SIM;PARCIALMENTE;5250000;5597464.840175838
A173;8400;;1.0;2;SIM;SIM;SIM;NAO;SIM;2.0;SIM;NAO;5250000;7287829.484207878
A174;5300;4.0;2.0;1;SIM;NAO;NAO;NAO;SIM;0.0;SIM;NAO;5250000;5716826.425575422
A175;3800;3.0;1.0;2;;SIM;SIM;;NAO;1.0;SIM;NAO;5250000;5070338.2865902595
A176;9800;4.0;2.0;2;SIM;SIM;;NAO;NAO;2.0;NAO;PARCIALMENTE;5250000;6941948.3795212135
A177;8520;;1.0;1;SIM;NAO;NAO;NAO;SIM;2.0;NAO;SIM;5250000;5825546.746599872
A178;6050;3.0;1.0;1;SIM;NAO;SIM;NAO;NAO;0.0;SIM;PARCIALMENTE;5243000;4718485.908917682
A179;7085;3.0;1.0;1;SIM;SIM;SIM;NAO;NAO;2.0;SIM;PARCIALMENTE;5229000;5928614.245752307
A180;3180;3.0;2.0;2;SIM;NAO;NAO;NAO;NAO;2.0;NAO;PARCIALMENTE;5215000;4951118.293295097
A181;4500;4.0;2.0;1;NAO;NAO;SIM;NAO;SIM;2.0;NAO;PARCIALMENTE;5215000;5757594.1496781055
A182;7200;3.0;1.0;2;SIM;SIM;;NAO;NAO;1.0;SIM;SIM;5215000;5869570.477301132
A183;3410;3.0;;2;NAO;NAO;NAO;;SIM;0.0;NAO;PARCIALMENTE;5145000;3996546.4456609944
A184;7980;3.0;1.0;1;SIM;NAO;NAO;NAO;NAO;1.0;SIM;PARCIALMENTE;5145000;5082498.589789623
A185;3000;3.0;2.0;2;SIM;SIM;SIM;NAO;NAO;0.0;NAO;SIM;5110000;5131748.6331829885
A186;3000;3.0;1.0;2;SIM;NAO;SIM;NAO;NAO;0.0;NAO;NAO;5110000;3542497.2205684953
A187;11410;2.0;1.0;2;SIM;NAO;NAO;NAO;NAO;0.0;SIM;SIM;5110000;5997274.218889341
A188;6100;3.0;1.0;1;SIM;NAO;SIM;;SIM;0.0;SIM;PARCIALMENTE;5110000;5594405.678368855
A189;5720;;;2;SIM;NAO;NAO;NAO;SIM;0.0;SIM;NAO;5075000;5319492.375669209
A190;3540;2.0;1.0;1;NAO;SIM;SIM;NAO;NAO;0.0;NAO;PARCIALMENTE;5040000;3236879.297708516
A191;7600;4.0;1.0;2;SIM;NAO;NAO;NAO;SIM;2.0;NAO;SIM;5040000;6272342.594080089
A192;10700;3.0;1.0;2;SIM;SIM;SIM;NAO;NAO;0.0;NAO;PARCIALMENTE;5040000;5911175.861918712
A193;6600;;1.0;1;SIM;SIM;SIM;NAO;NAO;0.0;SIM;SIM;5040000;5311097.937695102
A194;4800;2.0;1.0;1;SIM;SIM;;NAO;NAO;0.0;NAO;PARCIALMENTE;5033000;3541929.064600479
A195;8150;3.0;;1;SIM;SIM;SIM;NAO;NAO;0.0;NAO;PARCIALMENTE;5005000;4843815.587501569
A196;4410;4.0;3.0;2;SIM;NAO;SIM;NAO;NAO;2.0;NAO;PARCIALMENTE;4970000;6601461.709447917
A197;7686;3.0;;1;SIM;SIM;SIM;SIM;NAO;0.0;NAO;PARCIALMENTE;4970000;5715792.898072623
A198;2800;3.0;2.0;2;NAO;NAO;SIM;NAO;SIM;1.0;NAO;PARCIALMENTE;4956000;5390778.784279317
A199;5948;3.0;1.0;2;SIM;NAO;NAO;;SIM;0.0;NAO;PARCIALMENTE;4935000;4977239.403701412
A200;4200;3.0;1.0;2;SIM;NAO;;NAO;NAO;1.0;NAO;SIM;4907000;4164724.0853580222
A201;4520;3.0;;2;SIM;NAO;SIM;NAO;SIM;0.0;NAO;PARCIALMENTE;4900000;5044102.047211118
A202;4095;3.0;1.0;2;NAO;SIM;SIM;;SIM;0.0;NAO;PARCIALMENTE;4900000;4880183.340502886
A203;4120;2.0;1.0;1;SIM;NAO;SIM;NAO;NAO;1.0;NAO;PARCIALMENTE;4900000;3753607.2349215886
A204;5400;4.0;;2;SIM;NAO;NAO;NAO;NAO;0.0;NAO;PARCIALMENTE;4900000;4149378.927779817
A205;4770;3.0;1.0;1;SIM;SIM;SIM;NAO;NAO;0.0;NAO;PARCIALMENTE;4900000;4083402.3387879785
A206;6300;3.0;1.0;1;SIM;NAO;NAO;NAO;SIM;2.0;NAO;PARCIALMENTE;4900000;5198631.063863657
A207;5800;2.0;1.0;1;SIM;SIM;SIM;NAO;SIM;0.0;NAO;PARCIALMENTE;4900000;5019700.443668138
A208;3000;3.0;1.0;2;SIM;NAO;SIM;;SIM;0.0;NAO;PARCIALMENTE;4900000;4702141.059623942
A209;2970;;;3;SIM;NAO;NAO;NAO;NAO;0.0;NAO;PARCIALMENTE;4900000;3936270.5073499135
A210;6720;3.0;1.0;1;SIM;NAO;NAO;;NAO;0.0;NAO;NAO;4900000;3497600.0275739534
A211;4646;;;2;SIM;SIM;SIM;NAO;NAO;;NAO;PARCIALMENTE;4900000;4549181.244252419
A212;12900;3.0;1.0;1;SIM;NAO;NAO;NAO;NAO;2.0;NAO;SIM;4900000;5946263.276498165
A213;3420;4.0;2.0;2;SIM;NAO;SIM;NAO;SIM;2.0;NAO;PARCIALMENTE;4893000;6418005.690400336
A214;4995;4.0;2.0;1;SIM;NAO;SIM;;NAO;0.0;NAO;PARCIALMENTE;4893000;4778117.073238449
A215;4350;;1.0;1;SIM;NAO;SIM;NAO;NAO;0.0;NAO;NAO;4865000;3352536.848513186
A216;4160;3.0;1.0;3;SIM;NAO;NAO;NAO;NAO;;NAO;NAO;4830000;3909017.1784360227
A217;6040;3.0;1.0;1;SIM;NAO;NAO;NAO;NAO;2.0;SIM;PARCIALMENTE;4830000;4963986.590692399
A218;6862;;1.0;2;SIM;NAO;NAO;NAO;SIM;2.0;SIM;SIM;4830000;6634734.9302090835
A219;4815;2.0;1.0;1;SIM;NAO;NAO;NAO;SIM;0.0;SIM;PARCIALMENTE;4830000;4757091.15505166
A220;7000;3.0;1.0;2;SIM;NAO;SIM;NAO;NAO;0.0;NAO;NAO;4795000;4442394.556324223
A221;8100;4.0;1.0;4;SIM;NAO;SIM;NAO;SIM;2.0;NAO;PARCIALMENTE;4795000;7632834.537778005
A222;3420;4.0;2.0;2;SIM;NAO;NAO;;NAO;0.0;NAO;PARCIALMENTE;4767000;4529332.227782998
A223;9166;2.0;1.0;1;SIM;NAO;SIM;NAO;SIM;2.0;NAO;PARCIALMENTE;4760000;6071436.98547597
A224;6321;3.0;1.0;2;SIM;NAO;SIM;NAO;SIM;1.0;NAO;SIM;4760000;5894691.692771226
A225;10240;2.0;1.0;1;SIM;NAO;;NAO;SIM;2.0;SIM;NAO;4760000;6318480.547857754
A226;6440;2.0;1.0;1;SIM;NAO;NAO;NAO;SIM;3.0;NAO;PARCIALMENTE;4753000;5387969.167528246
A227;5170;3.0;1.0;4;SIM;NAO;NAO;NAO;SIM;0.0;NAO;PARCIALMENTE;4690000;5789560.817642659
A228;6000;2.0;1.0;1;SIM;NAO;SIM;NAO;SIM;1.0;NAO;SIM;4690000;5168702.696872793
A229;3630;3.0;1.0;2;SIM;NAO;NAO;NAO;NAO;2.0;NAO;PARCIALMENTE;4690000;4226954.26236535
A230;9667;4.0;2.0;2;SIM;SIM;SIM;NAO;NAO;1.0;NAO;PARCIALMENTE;4690000;6982214.576737532
A231;5400;2.0;;2;SIM;NAO;NAO;;NAO;0.0;SIM;PARCIALMENTE;4690000;4517705.810524575
A232;4320;3.0;1.0;1;SIM;NAO;NAO;NAO;NAO;0.0;SIM;PARCIALMENTE;4690000;3941154.3188288286
A233;3745;3.0;1.0;2;SIM;NAO;SIM;NAO;NAO;0.0;NAO;SIM;4655000;4132548.547046005
A234;4160;3.0;1.0;1;SIM;SIM;SIM;NAO;SIM;0.0;NAO;NAO;4620000;4515866.261538239
A235;3880;3.0;2.0;2;SIM;NAO;SIM;NAO;NAO;2.0;NAO;PARCIALMENTE;4620000;5496726.3194268495
A236;5680;3.0;;2;SIM;SIM;NAO;;SIM;1.0;NAO;PARCIALMENTE;4620000;5576287.974669306
A237;2870;2.0;1.0;2;SIM;SIM;SIM;NAO;NAO;0.0;SIM;PARCIALMENTE;4620000;4678050.221752801
A238;5010;3.0;1.0;2;SIM;NAO;SIM;NAO;NAO;0.0;NAO;PARCIALMENTE;4620000;4289668.418086968
A239;4510;;2.0;2;SIM;NAO;SIM;NAO;NAO;0.0;NAO;PARCIALMENTE;4613000;5002583.732319768
A240;4000;;1.0;2;SIM;NAO;NAO;NAO;NAO;1.0;NAO;SIM;4585000;4119729.2185702357
A241;3840;;1.0;2;SIM;NAO;NAO;NAO;NAO;1.0;SIM;;4585000;4644780.570155313
A242;3760;;1.0;1;SIM;NAO;NAO;NAO;NAO;2.0;NAO;PARCIALMENTE;4550000;3762525.2029045434
A243;3640;;1.0;2;SIM;NAO;NAO;NAO;SIM;0.0;NAO;SIM;4550000;4585471.302362144
A244;2550;3.0;1.0;2;SIM;NAO;SIM;NAO;NAO;0.0;NAO;SIM;4550000;3863704.2179889814
A245;5320;3.0;1.0;2;SIM;SIM;SIM;NAO;NAO;0.0;SIM;PARCIALMENTE;4550000;5389333.851734351
A246;5360;3.0;1.0;2;SIM;NAO;NAO;;NAO;;SIM;NAO;4550000;4373830.562696965
A247;3520;3.0;1.0;1;SIM;NAO;NAO;NAO;NAO;0.0;SIM;PARCIALMENTE;4550000;3761174.851677683
A248;8400;4.0;1.0;4;SIM;NAO;NAO;NAO;NAO;3.0;NAO;;4550000;6765468.001575261
A249;4100;2.0;2.0;1;SIM;SIM;SIM;;NAO;0.0;NAO;PARCIALMENTE;4543000;4597975.504419994
A250;4990;4.0;;2;SIM;SIM;SIM;;NAO;0.0;SIM;SIM;4543000;5602661.494757457
A251;3510;3.0;;3;SIM;NAO;NAO;NAO;NAO;0.0;NAO;PARCIALMENTE;4515000;4057756.6476769364
A252;3450;3.0;1.0;2;SIM;NAO;SIM;NAO;NAO;;NAO;PARCIALMENTE;4515000;3938708.457142234
A253;9860;3.0;1.0;1;SIM;NAO;NAO;;NAO;0.0;NAO;PARCIALMENTE;4515000;4498992.222443419
A254;3520;2.0;1.0;2;SIM;NAO;NAO;NAO;NAO;0.0;SIM;SIM;4515000;4222226.72411117
A255;4510;4.0;1.0;2;SIM;NAO;NAO;NAO;SIM;2.0;NAO;PARCIALMENTE;4480000;5449699.240817005
A256;5885;2.0;1.0;1;SIM;NAO;NAO;NAO;SIM;1.0;NAO;NAO;4480000;4332259.20840231
A257;4000;3.0;1.0;2;SIM;NAO;NAO;;NAO;2.0;NAO;SIM;4480000;4437667.42731454
A258;8250;3.0;1.0;1;SIM;NAO;NAO;NAO;NAO;0.0;NAO;SIM;4480000;4264256.206193524
A259;4040;3.0;1.0;2;SIM;NAO;NAO;NAO;NAO;1.0;NAO;PARCIALMENTE;4480000;4001255.530536007
A260;6360;2.0;1.0;1;SIM;NAO;SIM;NAO;SIM;1.0;NAO;SIM;4473000;5249693.457090808
A261;3162;3.0;1.0;2;SIM;NAO;NAO;;SIM;1.0;NAO;SIM;4473000;4795871.779483639
A262;3510;3.0;1.0;2;SIM;NAO;NAO;NAO;NAO;0.0;NAO;PARCIALMENTE;4473000;3564080.924804069
A263;3750;2.0;1.0;1;SIM;SIM;SIM;NAO;NAO;0.0;NAO;PARCIALMENTE;4445000;3693832.006339101
A264;3968;3.0;1.0;2;NAO;NAO;NAO;NAO;NAO;0.0;NAO;PARCIALMENTE;4410000;3257411.0712446906
A265;4900;2.0;1.0;2;SIM;NAO;SIM;NAO;NAO;0.0;NAO;PARCIALMENTE;4410000;4104824.729522518
A266;2880;3.0;1.0;2;SIM;NAO;NAO;NAO;NAO;0.0;SIM;;4403000;4110867.0008296343
A267;4880;3.0;1.0;1;SIM;NAO;NAO;NAO;NAO;2.0;SIM;NAO;4403000;4408043.57702202
A268;4920;3.0;1.0;2;SIM;NAO;NAO;;NAO;1.0;NAO;PARCIALMENTE;4403000;4199232.944402267
A269;4950;4.0;1.0;2;SIM;NAO;NAO;NAO;SIM;0.0;NAO;PARCIALMENTE;4382000;4912811.530261526
A270;3900;3.0;;2;SIM;NAO;NAO;NAO;NAO;0.0;NAO;NAO;4375000;3356848.128739033
A271;4500;3.0;2.0;3;SIM;NAO;NAO;SIM;NAO;;NAO;SIM;4340000;6209721.78238925
A272;1905;5.0;1.0;2;NAO;NAO;SIM;NAO;NAO;0.0;NAO;PARCIALMENTE;4340000;3501608.0363655095
A273;4075;3.0;1.0;1;SIM;SIM;SIM;NAO;NAO;2.0;NAO;PARCIALMENTE;4340000;4562921.59418903
A274;3500;4.0;;2;SIM;NAO;NAO;NAO;NAO;2.0;NAO;SIM;4340000;4485276.7721762415
A275;6450;4.0;1.0;2;SIM;NAO;NAO;NAO;NAO;0.0;NAO;PARCIALMENTE;4340000;4385601.978415696
A276;4032;2.0;1.0;1;SIM;NAO;SIM;NAO;NAO;0.0;NAO;SIM;4319000;3543343.9461824433
A277;4400;2.0;1.0;1;SIM;NAO;NAO;;NAO;1.0;NAO;PARCIALMENTE;4305000;3428474.056049988
A278;10360;2.0;1.0;1;SIM;NAO;NAO;;NAO;1.0;SIM;PARCIALMENTE;4305000;5457840.9927331135
A279;3400;3.0;1.0;2;SIM;NAO;SIM;NAO;NAO;2.0;SIM;PARCIALMENTE;4277000;5251856.064340988
A280;6360;2.0;1.0;1;SIM;NAO;NAO;NAO;NAO;0.0;NAO;SIM;4270000;3678958.2032177756
A281;6360;2.0;1.0;2;SIM;NAO;NAO;;NAO;0.0;NAO;NAO;4270000;3750188.478397638
A282;4500;2.0;1.0;1;SIM;NAO;NAO;NAO;SIM;;NAO;SIM;4270000;4125176.99484559
A283;2175;3.0;;2;NAO;SIM;;NAO;SIM;0.0;NAO;NAO;4270000;3765133.8406644166
A284;4360;4.0;1.0;2;SIM;NAO;;NAO;NAO;0.0;NAO;SIM;4270000;4042878.281875114
A285;7770;2.0;1.0;1;SIM;NAO;NAO;NAO;NAO;1.0;NAO;SIM;4270000;4314110.222815974
A286;6650;3.0;1.0;2;;SIM;NAO;NAO;NAO;0.0;NAO;PARCIALMENTE;4235000;4611903.817091538
A287;2787;3.0;1.0;1;;NAO;SIM;NAO;NAO;0.0;SIM;SIM;4235000;4111867.318666733
A288;5500;3.0;1.0;2;SIM;NAO;NAO;NAO;SIM;;NAO;NAO;4200000;4581478.115795552
A289;5040;3.0;;2;SIM;NAO;SIM;NAO;SIM;0.0;NAO;NAO;4200000;4866115.914558144
A290;5850;2.0;1.0;1;SIM;SIM;SIM;NAO;NAO;2.0;NAO;PARCIALMENTE;4200000;4802154.5250994675
A291;2610;;3.0;2;NAO;NAO;NAO;NAO;NAO;0.0;NAO;PARCIALMENTE;4200000;4602700.888160152
A292;2953;3.0;1.0;2;SIM;NAO;SIM;NAO;SIM;0.0;NAO;NAO;4200000;4396594.4796275925
A293;2747;4.0;2.0;2;NAO;NAO;NAO;NAO;NAO;0.0;NAO;PARCIALMENTE;4200000;3968216.402538688
A294;4410;2.0;1.0;1;NAO;NAO;NAO;NAO;NAO;1.0;NAO;NAO;4200000;2726042.9145847484
A295;4000;4.0;2.0;2;NAO;NAO;NAO;NAO;NAO;0.0;NAO;PARCIALMENTE;4200000;4250109.242964169
A296;2325;;1.0;2;NAO;NAO;NAO;;NAO;0.0;NAO;PARCIALMENTE;4200000;2887778.240583026
A297;4600;3.0;;2;SIM;NAO;NAO;NAO;SIM;1.0;NAO;PARCIALMENTE;4200000;4991912.210296037
A298;3640;3.0;2.0;2;SIM;NAO;;NAO;NAO;0.0;NAO;NAO;4200000;4123757.2831171765
A299;5800;;1.0;1;;NAO;;SIM;NAO;2.0;NAO;PARCIALMENTE;4200000;5197838.245658683
A300;7000;3.0;;1;SIM;NAO;NAO;NAO;NAO;3.0;NAO;SIM;4200000;4936852.915002773
A301;4079;3.0;1.0;3;SIM;NAO;NAO;NAO;NAO;0.0;NAO;PARCIALMENTE;4200000;4185767.043688189
A302;3520;;1.0;2;SIM;NAO;NAO;NAO;;0.0;SIM;PARCIALMENTE;4200000;4254850.57455055
A303;2145;3.0;1.0;3;;NAO;NAO;NAO;NAO;1.0;SIM;NAO;4200000;4462152.010700472
A304;4500;3.0;1.0;1;SIM;NAO;SIM;NAO;NAO;0.0;NAO;;4200000;3681255.784905245
A305;8250;3.0;1.0;1;SIM;NAO;;;NAO;3.0;NAO;PARCIALMENTE;4193000;5090598.171034652
A306;3450;3.0;1.0;2;SIM;NAO;NAO;NAO;NAO;1.0;NAO;PARCIALMENTE;4193000;3868520.673512038
A307;4840;3.0;1.0;2;SIM;NAO;NAO;NAO;NAO;1.0;NAO;PARCIALMENTE;4165000;4181234.997687153
A308;4080;3.0;1.0;2;SIM;NAO;NAO;NAO;;2.0;NAO;PARCIALMENTE;4165000;4328192.71263787
A309;4046;3.0;1.0;2;SIM;NAO;SIM;NAO;NAO;1.0;NAO;PARCIALMENTE;4165000;4390731.368914142
A310;4632;4.0;1.0;2;SIM;NAO;NAO;NAO;SIM;0.0;NAO;PARCIALMENTE;4130000;4841269.692068946
A311;5985;3.0;1.0;1;;NAO;SIM;NAO;NAO;0.0;NAO;PARCIALMENTE;4130000;4015342.670804559
A312;6060;2.0;1.0;1;SIM;NAO;SIM;NAO;NAO;;NAO;PARCIALMENTE;4123000;3872119.234018811
A313;3600;3.0;1.0;1;SIM;NAO;SIM;NAO;SIM;0.0;SIM;SIM;4098500;5159442.504913311
A314;3680;3.0;2.0;2;SIM;NAO;NAO;NAO;NAO;0.0;NAO;PARCIALMENTE;4095000;4427729.042775953
A315;4040;2.0;1.0;2;SIM;NAO;;NAO;NAO;1.0;NAO;PARCIALMENTE;4095000;3841159.01870484
A316;5600;2.0;1.0;1;SIM;;NAO;NAO;SIM;;NAO;PARCIALMENTE;4095000;4245176.10078663
A317;5900;;;2;NAO;;SIM;NAO;NAO;;NAO;;4060000;4080187.4767892077
A318;4992;3.0;2.0;2;SIM;;NAO;NAO;NAO;2.0;NAO;NAO;4060000;5063799.000091221
A319;4340;3.0;1.0;1;SIM;;NAO;NAO;NAO;0.0;NAO;PARCIALMENTE;4060000;3257133.899100515
A320;3000;4.0;1.0;3;SIM;;SIM;NAO;SIM;2.0;NAO;;4060000;5991789.711816587
A321;4320;3.0;1.0;2;SIM;NAO;NAO;;NAO;2.0;SIM;SIM;4060000;5198179.120582091
A322;3630;3.0;;2;SIM;NAO;NAO;SIM;NAO;2.0;NAO;PARCIALMENTE;4025000;5203319.663884068
A323;3460;3.0;2.0;1;SIM;NAO;SIM;NAO;SIM;;NAO;SIM;4025000;5264828.672957035
A324;5400;3.0;1.0;1;SIM;NAO;NAO;NAO;NAO;3.0;NAO;PARCIALMENTE;4025000;4449421.319308696
A325;4500;3.0;1.0;2;NAO;NAO;SIM;NAO;SIM;0.0;NAO;PARCIALMENTE;4007500;4629894.462028931
A326;3460;4.0;1.0;2;SIM;;NAO;NAO;SIM;0.0;NAO;PARCIALMENTE;4007500;4577599.772692517
A327;4100;4.0;;1;NAO;NAO;SIM;NAO;NAO;0.0;NAO;NAO;3990000;3046681.6783562107
A328;6480;3.0;1.0;2;NAO;NAO;NAO;NAO;SIM;1.0;NAO;PARCIALMENTE;3990000;5005155.859597819
A329;4500;3.0;;2;NAO;NAO;SIM;;SIM;0.0;NAO;PARCIALMENTE;3990000;4629894.462028931
A330;3960;3.0;1.0;2;SIM;NAO;NAO;NAO;NAO;0.0;NAO;SIM;3990000;3792792.036468374
A331;4050;2.0;1.0;2;SIM;SIM;SIM;NAO;NAO;0.0;SIM;NAO;3990000;4648547.149499521
A332;7260;3.0;2.0;1;SIM;SIM;SIM;NAO;NAO;3.0;NAO;SIM;3920000;6550278.199122883
A333;5500;;1.0;2;SIM;SIM;SIM;NAO;NAO;0.0;NAO;;3920000;4741309.325436266
A334;3000;3.0;1.0;2;SIM;NAO;NAO;NAO;NAO;0.0;NAO;PARCIALMENTE;3920000;3449344.0144952135
A335;3290;;1.0;1;SIM;NAO;NAO;;NAO;1.0;NAO;SIM;3920000;3466321.7186007267
A336;3816;2.0;1.0;1;SIM;NAO;SIM;NAO;SIM;2.0;NAO;SIM;3920000;4995296.96029447
A337;8080;3.0;1.0;1;SIM;NAO;NAO;NAO;SIM;2.0;NAO;PARCIALMENTE;3920000;5599085.378274957
A338;2145;4.0;2.0;1;SIM;NAO;SIM;NAO;NAO;0.0;SIM;NAO;3920000;4530487.341618367
A339;3780;2.0;1.0;2;SIM;SIM;SIM;NAO;NAO;0.0;NAO;PARCIALMENTE;3885000;4194256.959230136
A340;3180;4.0;2.0;2;SIM;NAO;NAO;NAO;NAO;0.0;NAO;SIM;3885000;4602811.04902944
A341;5300;5.0;2.0;2;SIM;NAO;NAO;;NAO;0.0;NAO;PARCIALMENTE;3850000;5112380.487419357
A342;3180;2.0;2.0;1;SIM;NAO;SIM;NAO;NAO;;NAO;PARCIALMENTE;3850000;4049595.6334769535
A343;7152;3.0;1.0;2;SIM;NAO;NAO;NAO;SIM;0.0;NAO;SIM;3850000;5375581.163155672
A344;4080;2.0;1.0;1;SIM;NAO;NAO;NAO;NAO;0.0;NAO;PARCIALMENTE;3850000;3038544.0604452253
A345;3850;2.0;1.0;1;SIM;NAO;;NAO;NAO;0.0;NAO;PARCIALMENTE;3850000;2986799.9636392714
A346;2015;3.0;1.0;2;SIM;NAO;SIM;NAO;NAO;0.0;SIM;PARCIALMENTE;3850000;4304390.194346959
A347;2176;2.0;1.0;2;SIM;SIM;NAO;NAO;NAO;0.0;SIM;PARCIALMENTE;3850000;4133792.041624681
A348;3350;3.0;1.0;2;SIM;NAO;NAO;NAO;NAO;0.0;NAO;NAO;3836000;3233112.2450726205
A349;3150;2.0;;1;NAO;NAO;SIM;NAO;NAO;0.0;NAO;PARCIALMENTE;3815000;2807735.8237531106
A350;4820;3.0;1.0;2;SIM;NAO;NAO;NAO;NAO;0.0;NAO;PARCIALMENTE;3780000;3858797.3022640697
A351;3420;2.0;1.0;2;SIM;NAO;NAO;SIM;NAO;1.0;NAO;PARCIALMENTE;3780000;4678040.33318142
A352;3600;2.0;1.0;1;SIM;NAO;NAO;;NAO;0.0;NAO;PARCIALMENTE;3780000;2930556.380154538
A353;5830;2.0;;1;SIM;NAO;NAO;NAO;NAO;;NAO;NAO;3780000;3137276.3585371366
A354;2856;3.0;1.0;3;SIM;NAO;NAO;NAO;NAO;0.0;SIM;SIM;3780000;4726616.001079753
A355;8400;2.0;1.0;1;SIM;NAO;NAO;;NAO;1.0;NAO;SIM;3780000;4455844.053197501
A356;8250;;1.0;1;SIM;NAO;NAO;;NAO;2.0;NAO;SIM;3773000;4900132.623682134
A357;2520;;;1;NAO;NAO;SIM;NAO;SIM;;NAO;SIM;3773000;3818242.2193487645
A358;6930;;1.0;2;NAO;NAO;NAO;NAO;NAO;;NAO;SIM;3773000;4051257.7097635926
A359;3480;;1.0;1;;NAO;NAO;;NAO;;SIM;PARCIALMENTE;3745000;3752175.878320126
A360;3600;;1.0;1;SIM;NAO;NAO;NAO;NAO;;NAO;NAO;3710000;2795680.1056844858
A361;4040;;1.0;1;;NAO;NAO;NAO;NAO;;NAO;PARCIALMENTE;3710000;3189641.598918835
A362;6020;;1.0;1;SIM;NAO;NAO;NAO;NAO;;NAO;PARCIALMENTE;3710000;3635090.7801179206
A363;4050;2.0;1.0;1;SIM;NAO;NAO;NAO;NAO;0.0;NAO;SIM;3710000;3159267.4918188434
A364;3584;2.0;1.0;1;;NAO;NAO;SIM;NAO;0.0;NAO;PARCIALMENTE;3710000;3903322.1923302338
A365;3120;3.0;1.0;2;NAO;NAO;SIM;SIM;NAO;0.0;NAO;;3703000;4431124.229957696
A366;5450;2.0;;1;SIM;NAO;NAO;NAO;NAO;0.0;NAO;SIM;3703000;3474231.5593333477
A367;3630;2.0;1.0;1;SIM;NAO;SIM;NAO;NAO;0.0;NAO;SIM;3675000;3452904.2639389927
A368;3630;2.0;1.0;1;SIM;NAO;NAO;;SIM;0.0;NAO;NAO;3675000;3507003.8766257144
A369;5640;2.0;1.0;1;NAO;NAO;NAO;NAO;NAO;0.0;NAO;PARCIALMENTE;3675000;2979795.9228865495
A370;3600;2.0;1.0;1;SIM;NAO;NAO;NAO;NAO;0.0;NAO;SIM;3675000;3058029.041546324
A371;4280;2.0;1.0;1;SIM;NAO;NAO;NAO;SIM;2.0;NAO;PARCIALMENTE;3640000;4584086.397475848
A372;3570;3.0;1.0;2;SIM;NAO;SIM;NAO;NAO;0.0;NAO;PARCIALMENTE;3640000;3965705.377214906
A373;3180;3.0;;2;NAO;NAO;SIM;NAO;NAO;0.0;NAO;PARCIALMENTE;3640000;3468257.288475313
A374;3000;2.0;1.0;2;SIM;NAO;NAO;NAO;SIM;0.0;NAO;SIM;3640000;4281391.21681006
A375;3520;2.0;2.0;1;SIM;NAO;;NAO;NAO;0.0;NAO;PARCIALMENTE;3640000;3737960.9146416895
A376;5960;3.0;1.0;2;SIM;SIM;;NAO;NAO;0.0;NAO;NAO;3640000;4161698.740372455
A377;4130;3.0;2.0;2;SIM;NAO;NAO;NAO;NAO;2.0;NAO;PARCIALMENTE;3640000;5164843.910537081
A378;2850;3.0;;2;NAO;NAO;SIM;NAO;NAO;0.0;SIM;NAO;3640000;3787562.8783813384
A379;2275;3.0;1.0;3;SIM;NAO;NAO;SIM;SIM;0.0;SIM;PARCIALMENTE;3640000;6309469.705942394
A380;3520;3.0;1.0;1;SIM;NAO;NAO;;NAO;2.0;SIM;NAO;3633000;4102078.4828650723
A381;4500;;1.0;1;SIM;NAO;NAO;NAO;NAO;0.0;NAO;PARCIALMENTE;3605000;3293129.792530744
A382;4000;2.0;1.0;1;SIM;NAO;NAO;NAO;NAO;0.0;SIM;PARCIALMENTE;3605000;3709066.020137203
A383;3150;3.0;1.0;2;SIM;NAO;SIM;NAO;NAO;0.0;NAO;SIM;3570000;3998688.8183523403
A384;4500;4.0;2.0;2;SIM;NAO;SIM;NAO;NAO;2.0;NAO;SIM;3570000;5923779.579691939
A385;4500;2.0;1.0;1;NAO;NAO;NAO;NAO;NAO;0.0;NAO;SIM;3570000;2850797.843587953
A386;3640;2.0;1.0;1;SIM;NAO;NAO;NAO;NAO;0.0;NAO;NAO;3570000;2644582.567210876
A387;3850;3.0;1.0;1;SIM;NAO;NAO;NAO;NAO;2.0;NAO;NAO;3535000;3487800.1066578277
A388;4240;3.0;;2;SIM;NAO;NAO;NAO;SIM;0.0;NAO;PARCIALMENTE;3500000;4592983.2413337175
A389;3650;3.0;;2;SIM;NAO;NAO;NAO;NAO;0.0;NAO;NAO;3500000;3300604.5452543003
A390;4600;4.0;1.0;2;SIM;NAO;NAO;NAO;NAO;0.0;NAO;PARCIALMENTE;3500000;3969399.460628672
A391;2135;3.0;2.0;2;NAO;NAO;NAO;NAO;NAO;0.0;NAO;NAO;3500000;3375462.812035675
A392;3036;;;2;SIM;NAO;SIM;NAO;NAO;;NAO;PARCIALMENTE;3500000;3845569.0828915164
A393;3990;3.0;1.0;2;SIM;NAO;NAO;;NAO;;NAO;PARCIALMENTE;3500000;3672068.605094756
A394;7424;3.0;;1;NAO;NAO;NAO;NAO;NAO;;NAO;NAO;3500000;3246273.860163552
A395;3480;3.0;1.0;1;NAO;NAO;NAO;NAO;SIM;;NAO;NAO;3500000;3223646.139862633
A396;3600;6.0;1.0;2;SIM;NAO;NAO;NAO;NAO;;NAO;NAO;3500000;3769645.364050855
A397;3640;2.0;1.0;1;SIM;NAO;NAO;NAO;NAO;;NAO;PARCIALMENTE;3500000;2939555.3535120953
A398;5900;2.0;1.0;1;SIM;NAO;NAO;;NAO;;NAO;SIM;3500000;3575470.009605867
A399;3120;3.0;1.0;2;SIM;NAO;;NAO;NAO;;NAO;NAO;3500000;3181368.148266666
A400;7350;;;1;SIM;NAO;NAO;NAO;NAO;;NAO;;3500000;3934306.6442567
A401;3512;2.0;1.0;1;SIM;NAO;NAO;;NAO;;SIM;NAO;3500000;3304305.758873785
A402;9500;;1.0;2;SIM;NAO;;NAO;NAO;;SIM;NAO;3500000;5305224.305204143
A403;5880;2.0;1.0;1;SIM;NAO;NAO;NAO;NAO;;NAO;NAO;3500000;3148525.0752340835
A404;12944;3.0;1.0;1;SIM;NAO;;NAO;NAO;0.0;NAO;NAO;3500000;4897840.282009865
A405;4900;3.0;;2;;NAO;NAO;NAO;NAO;0.0;NAO;NAO;3493000;3581822.462677965
A406;3060;3.0;1.0;1;SIM;NAO;NAO;NAO;NAO;0.0;;NAO;3465000;2674193.9653574624
A407;5320;2.0;1.0;1;SIM;NAO;NAO;NAO;NAO;1.0;;;3465000;3635450.443273805
A408;2145;3.0;1.0;3;SIM;NAO;NAO;NAO;NAO;;;SIM;3465000;3878139.3432420804
A409;4000;2.0;1.0;1;SIM;NAO;;NAO;NAO;0.0;;;3430000;3020546.1137301107
A410;3185;;1.0;1;SIM;NAO;NAO;;NAO;2.0;;NAO;3430000;3338192.174588438
A411;3850;3.0;1.0;1;SIM;NAO;NAO;NAO;NAO;0.0;;NAO;3430000;2851923.6891692188
A412;2145;3.0;1.0;3;SIM;NAO;NAO;NAO;NAO;0.0;;SIM;3430000;3878139.3432420804
A413;2610;3.0;1.0;2;SIM;NAO;SIM;NAO;NAO;0.0;;NAO;3430000;3454757.230332312
A414;1950;3.0;2.0;2;SIM;NAO;SIM;NAO;NAO;0.0;;NAO;3430000;4131676.6511348826
A415;4040;2.0;1.0;1;SIM;NAO;NAO;NAO;NAO;0.0;;NAO;3423000;2734572.3007864486
A416;4785;3.0;1.0;2;SIM;SIM;SIM;NAO;SIM;1.0;;SIM;3395000;5890534.599560248
A417;3450;3.0;1.0;1;SIM;NAO;SIM;NAO;NAO;2.0;;NAO;3395000;3785936.3654567557
A418;3640;2.0;;1;SIM;NAO;NAO;;NAO;0.0;;SIM;3395000;3067028.014903881
A419;3500;4.0;1.0;2;SIM;NAO;NAO;NAO;SIM;2.0;;NAO;3360000;4927502.377237463
A420;4960;;1.0;3;NAO;NAO;NAO;NAO;NAO;0.0;;PARCIALMENTE;3360000;3974261.3333849786
A421;4120;2.0;1.0;2;SIM;NAO;NAO;NAO;NAO;0.0;;NAO;3360000;3246245.9703744305
A422;4750;2.0;1.0;1;SIM;NAO;NAO;;NAO;;;NAO;3360000;2894304.07788309
A423;3720;;1.0;1;NAO;NAO;NAO;NAO;SIM;0.0;;NAO;3360000;3277639.9800079763
A424;3750;;1.0;1;SIM;NAO;NAO;NAO;NAO;0.0;NAO;NAO;3360000;2829426.2557753255
A425;3100;3.0;1.0;2;NAO;NAO;SIM;;NAO;0.0;NAO;PARCIALMENTE;3360000;3450259.3417601986
A426;3185;2.0;1.0;1;SIM;NAO;SIM;NAO;NAO;2.0;NAO;SIM;3360000;3988667.102824777
A427;2700;;1.0;1;NAO;NAO;NAO;NAO;NAO;0.0;NAO;;3353000;2478467.892937258
A428;2145;3.0;1.0;2;SIM;NAO;SIM;;NAO;0.0;SIM;;3332000;4333636.85775902
A429;4040;2.0;1.0;1;SIM;NAO;NAO;NAO;NAO;1.0;NAO;;3325000;3347483.2958319727
A430;4775;4.0;1.0;2;;NAO;NAO;NAO;NAO;0.0;NAO;;3325000;4008769.969067985
A431;2500;2.0;;1;NAO;NAO;NAO;;SIM;0.0;NAO;;3290000;3138047.5670725317
A432;3180;4.0;1.0;2;SIM;NAO;SIM;NAO;SIM;0.0;NAO;;3290000;4902732.951564116
A433;6060;3.0;1.0;1;SIM;SIM;SIM;NAO;NAO;;NAO;;3290000;4373619.2295692
A434;3480;4.0;1.0;2;NAO;NAO;NAO;NAO;NAO;;NAO;;3290000;3307720.108113659
A435;3792;4.0;1.0;2;SIM;NAO;NAO;NAO;NAO;0.0;NAO;;3290000;3787620.198806015
A436;4040;2.0;1.0;1;SIM;NAO;NAO;NAO;NAO;0.0;NAO;;3290000;3029545.087087668
A437;2145;3.0;1.0;2;SIM;NAO;SIM;NAO;NAO;0.0;SIM;;3290000;4333636.85775902
A438;5880;3.0;1.0;1;SIM;NAO;NAO;;NAO;1.0;NAO;;3290000;3921532.5821107747
A439;4500;2.0;;1;NAO;NAO;NAO;NAO;NAO;0.0;NAO;;3255000;2723325.1821961678
A440;3930;2.0;1.0;1;NAO;NAO;;NAO;NAO;0.0;NAO;;3255000;2595089.8118509767
A441;3640;4.0;;2;SIM;NAO;SIM;NAO;NAO;0.0;NAO;;3234000;4141550.092421798
A442;4370;3.0;1.0;2;SIM;NAO;NAO;NAO;NAO;0.0;NAO;;3220000;3757558.85199155
A443;2684;2.0;1.0;1;SIM;NAO;NAO;NAO;SIM;1.0;NAO;;3220000;3907089.1517650085
A444;4320;3.0;1.0;1;NAO;NAO;;NAO;NAO;1.0;NAO;;3220000;3160864.5226626317
A445;3120;3.0;1.0;2;NAO;NAO;NAO;NAO;NAO;0.0;NAO;;3220000;3066632.8360644765
A446;3450;1.0;1.0;1;SIM;NAO;NAO;NAO;NAO;0.0;NAO;;3150000;2736713.718232531
A447;3986;2.0;2.0;1;NAO;SIM;SIM;NAO;NAO;1.0;NAO;;3150000;4480558.540591851
A448;3500;2.0;1.0;1;NAO;NAO;SIM;;NAO;;NAO;;3150000;2886476.840631737
A449;4095;2.0;1.0;1;SIM;NAO;;NAO;NAO;2.0;NAO;;3150000;3677795.092942918
A450;1650;3.0;1.0;2;NAO;NAO;SIM;NAO;NAO;0.0;NAO;;3150000;3124046.5575487474
A451;3450;3.0;1.0;2;SIM;NAO;SIM;NAO;NAO;0.0;NAO;;3150000;3938708.457142234
A452;6750;2.0;1.0;1;SIM;NAO;;NAO;NAO;0.0;NAO;;3150000;3639225.5320621734
A453;9000;3.0;1.0;2;SIM;NAO;NAO;NAO;NAO;2.0;NAO;;3150000;5435066.435617413
A454;3069;2.0;1.0;1;SIM;NAO;NAO;NAO;NAO;1.0;NAO;;3150000;3129033.2175772698
A455;4500;3.0;1.0;2;SIM;NAO;NAO;NAO;SIM;0.0;NAO;;3143000;4651476.568157839
A456;5495;3.0;1.0;1;SIM;NAO;SIM;NAO;NAO;0.0;NAO;NAO;3129000;3610132.460873263
A457;2398;3.0;1.0;1;SIM;NAO;NAO;NAO;NAO;0.0;SIM;PARCIALMENTE;3118850;3508753.648998202
A458;3000;3.0;1.0;1;NAO;NAO;NAO;NAO;SIM;0.0;NAO;NAO;3115000;3115658.4595719455
A459;3850;3.0;1.0;2;SIM;NAO;NAO;NAO;NAO;0.0;NAO;NAO;3115000;3345599.4120420865
A460;3500;2.0;1.0;1;SIM;NAO;NAO;NAO;NAO;;NAO;NAO;3115000;2613086.1604594253
A461;8100;2.0;1.0;1;SIM;NAO;NAO;NAO;NAO;1.0;NAO;NAO;3087000;3965906.305322816
A462;4960;2.0;;1;SIM;NAO;SIM;NAO;SIM;;NAO;;3080000;4489318.519440213
A463;2160;3.0;1.0;2;NAO;NAO;SIM;NAO;NAO;0.0;NAO;PARCIALMENTE;3080000;3238783.467857603
A464;3090;2.0;1.0;1;SIM;SIM;SIM;NAO;NAO;0.0;NAO;NAO;3080000;3250376.159638187
A465;4500;2.0;1.0;2;SIM;NAO;NAO;SIM;NAO;1.0;NAO;PARCIALMENTE;3080000;4921012.613835467
A466;3800;2.0;1.0;1;SIM;NAO;NAO;NAO;NAO;;NAO;NAO;3045000;2680578.4606411047
A467;3090;3.0;1.0;2;NAO;NAO;NAO;;NAO;0.0;NAO;PARCIALMENTE;3010000;3059883.6060463088
A468;3240;3.0;1.0;2;SIM;NAO;NAO;NAO;NAO;;NAO;PARCIALMENTE;3010000;3503337.8546405574
A469;2835;2.0;1.0;1;SIM;NAO;NAO;NAO;NAO;0.0;NAO;PARCIALMENTE;3010000;2758451.014691255
A470;4600;2.0;;1;SIM;NAO;NAO;NAO;NAO;0.0;NAO;SIM;3010000;3283003.375485256
A471;5076;3.0;1.0;1;NAO;NAO;NAO;NAO;NAO;0.0;NAO;NAO;3010000;2718034.12407494
A472;3750;3.0;1.0;2;SIM;NAO;NAO;NAO;NAO;;NAO;NAO;3010000;3323101.978648193
A473;3630;4.0;1.0;2;SIM;;NAO;NAO;NAO;3.0;NAO;PARCIALMENTE;3010000;4704988.982940821
A474;8050;2.0;;1;SIM;;NAO;NAO;NAO;0.0;NAO;NAO;3003000;3636719.3798815655
A475;4352;4.0;1.0;2;NAO;;NAO;NAO;NAO;1.0;NAO;;2975000;3821835.936052712
A476;3000;2.0;1.0;2;;;NAO;NAO;NAO;0.0;NAO;PARCIALMENTE;2961000;3289247.5026640464
A477;5850;3.0;1.0;2;SIM;;SIM;NAO;NAO;1.0;NAO;NAO;2940000;4501612.281038756
A478;4960;2.0;1.0;1;SIM;;NAO;NAO;NAO;0.0;NAO;NAO;2940000;2941548.688010266
A479;3600;3.0;1.0;2;NAO;;NAO;;NAO;1.0;NAO;NAO;2940000;3197585.938798249
A480;3660;4.0;1.0;2;NAO;NAO;NAO;NAO;NAO;0.0;NAO;NAO;2940000;3053242.701921447
A481;3480;3.0;1.0;2;NAO;NAO;NAO;NAO;NAO;1.0;NAO;PARCIALMENTE;2940000;3465561.8050267966
A482;2700;2.0;1.0;1;NAO;NAO;NAO;NAO;NAO;0.0;NAO;SIM;2940000;2445844.042497876
A483;3150;3.0;1.0;2;NAO;NAO;NAO;NAO;;0.0;NAO;NAO;2940000;2778409.279781425
A484;6615;3.0;;2;SIM;NAO;NAO;;NAO;0.0;NAO;PARCIALMENTE;2940000;4262626.231684452
A485;3040;2.0;1.0;1;NAO;NAO;NAO;NAO;NAO;0.0;NAO;NAO;2870000;2099889.8683441076
A486;3630;2.0;1.0;1;SIM;NAO;NAO;NAO;NAO;;NAO;NAO;2870000;2642332.8238714864
A487;6000;2.0;1.0;1;SIM;NAO;NAO;NAO;NAO;0.0;NAO;PARCIALMENTE;2870000;3470494.7816079743
A488;5400;4.0;1.0;2;SIM;NAO;NAO;NAO;NAO;0.0;NAO;NAO;2870000;3854406.1414785977
A489;5200;4.0;;3;SIM;NAO;NAO;NAO;NAO;0.0;NAO;NAO;2852500;4303086.997563679
A490;3300;3.0;1.0;2;NAO;NAO;NAO;NAO;NAO;1.0;NAO;PARCIALMENTE;2835000;3425066.4249177882
A491;4350;3.0;;2;NAO;NAO;NAO;SIM;NAO;1.0;NAO;NAO;2835000;4342682.090771167
A492;2640;2.0;1.0;1;NAO;NAO;NAO;NAO;NAO;1.0;NAO;SIM;2835000;2750283.7912058444
A493;2650;3.0;;2;SIM;NAO;SIM;NAO;NAO;1.0;NAO;NAO;2800000;3781694.4124341737
A494;3960;3.0;1.0;1;SIM;NAO;NAO;NAO;NAO;0.0;NAO;SIM;2800000;3299116.3135955064
A495;6800;2.0;1.0;1;SIM;NAO;NAO;NAO;NAO;0.0;NAO;NAO;2730000;3355501.462457901
A496;4000;3.0;;2;SIM;NAO;NAO;;NAO;1.0;NAO;NAO;2730000;3697283.7708772304
A497;4000;2.0;1.0;1;SIM;NAO;NAO;;NAO;0.0;NAO;NAO;2695000;2725573.3274288913
A498;3934;2.0;1.0;1;SIM;NAO;NAO;NAO;NAO;0.0;NAO;NAO;2660000;2710725.021388922
A499;2000;2.0;1.0;2;SIM;NAO;NAO;;NAO;0.0;NAO;PARCIALMENTE;2660000;3064273.1687251143
A500;3630;;3.0;2;NAO;SIM;NAO;;NAO;;NAO;NAO;2660000;4878605.406195866
A501;2800;;;1;SIM;NAO;NAO;NAO;NAO;0.0;NAO;NAO;2660000;2615700.6385333403
A502;2430;;1.0;1;NAO;NAO;NAO;NAO;NAO;0.0;NAO;NAO;2660000;2122752.0364725264
A503;3480;2.0;;1;SIM;NAO;NAO;NAO;NAO;1.0;NAO;PARCIALMENTE;2660000;3221497.6688261707
A504;4000;;1.0;1;SIM;NAO;NAO;NAO;NAO;0.0;NAO;PARCIALMENTE;2660000;3180642.6255612783
A505;3185;;1.0;1;SIM;;NAO;NAO;SIM;0.0;NAO;NAO;2653000;3566986.8098540567
A506;4000;3.0;;2;SIM;;NAO;NAO;SIM;0.0;NAO;NAO;2653000;4244016.614887154
A507;2910;2.0;1.0;1;NAO;;NAO;;NAO;0.0;NAO;NAO;2604000;2070643.2049320466
A508;3600;2.0;1.0;1;SIM;;NAO;NAO;NAO;0.0;NAO;NAO;2590000;2635583.5938533186
A509;4400;2.0;;1;SIM;;NAO;NAO;NAO;;NAO;NAO;2590000;2815563.061004464
A510;3600;2.0;2.0;2;SIM;;SIM;;NAO;;NAO;SIM;2590000;4765233.237995958
A511;2880;3.0;1.0;1;NAO;;NAO;NAO;NAO;0.0;NAO;NAO;2520000;2223990.486745046
A512;3180;;1.0;1;NAO;;NAO;NAO;NAO;0.0;NAO;NAO;2520000;2291482.7869267254
A513;3000;2.0;1.0;2;SIM;;NAO;NAO;NAO;0.0;NAO;SIM;2520000;3416720.164055832
A514;4400;;1.0;2;SIM;NAO;NAO;NAO;NAO;0.0;NAO;NAO;2485000;3469335.295708499
A515;3000;3.0;1.0;2;NAO;NAO;NAO;NAO;NAO;0.0;NAO;PARCIALMENTE;2485000;3039635.9159918046
A516;3210;3.0;1.0;2;SIM;NAO;SIM;NAO;NAO;0.0;NAO;NAO;2450000;3589741.830695671
A517;3240;2.0;1.0;1;NAO;SIM;;NAO;NAO;1.0;NAO;NAO;2450000;2804226.4275954207
A518;3000;2.0;1.0;1;SIM;NAO;NAO;NAO;NAO;1.0;NAO;NAO;2450000;2818537.202234264
A519;3500;2.0;1.0;1;SIM;SIM;NAO;NAO;NAO;0.0;NAO;NAO;2450000;2954489.6441786475
A520;4840;2.0;1.0;2;SIM;NAO;;NAO;NAO;0.0;NAO;NAO;2450000;3408227.4908104613
A521;7700;2.0;1.0;1;SIM;NAO;NAO;NAO;NAO;0.0;NAO;NAO;2450000;3557978.363002939
A522;3635;2.0;1.0;1;NAO;NAO;NAO;NAO;NAO;0.0;NAO;NAO;2408000;2233749.597037772
A523;2475;3.0;1.0;2;SIM;NAO;NAO;NAO;NAO;0.0;NAO;SIM;2380000;3458705.1505690604
A524;2787;4.0;2.0;2;SIM;NAO;NAO;NAO;NAO;0.0;NAO;SIM;2380000;4514396.13579144
A525;3264;2.0;1.0;1;SIM;NAO;NAO;;NAO;0.0;NAO;NAO;2380000;2559992.2176498375
A526;3640;2.0;1.0;1;SIM;NAO;NAO;NAO;NAO;0.0;NAO;NAO;2345000;2644582.567210876
A527;3180;2.0;1.0;1;SIM;NAO;NAO;NAO;NAO;0.0;NAO;NAO;2310000;2541094.373598967
A528;1836;2.0;1.0;1;NAO;NAO;SIM;NAO;NAO;0.0;NAO;PARCIALMENTE;2275000;2512119.5489573544
A529;3970;1.0;1.0;1;NAO;NAO;NAO;NAO;NAO;;NAO;NAO;2275000;2149019.487076147
A530;3970;3.0;1.0;2;SIM;NAO;SIM;NAO;NAO;0.0;NAO;NAO;2275000;3760722.324489259
A531;1950;3.0;1.0;1;NAO;NAO;NAO;SIM;;0.0;NAO;;2240000;3286102.5440017777
A532;5300;3.0;1.0;1;NAO;NAO;NAO;NAO;;0.0;SIM;NAO;2233000;3456948.281284353
A533;3000;;1.0;1;NAO;NAO;;NAO;;0.0;NAO;NAO;2135000;2250987.4068177175
A534;2400;3.0;1.0;2;SIM;NAO;;NAO;;0.0;NAO;NAO;2100000;3019386.6278306353
A535;3000;4.0;1.0;2;SIM;NAO;NAO;NAO;;0.0;NAO;NAO;2100000;3314467.7400251618
A536;3360;;1.0;1;SIM;NAO;NAO;NAO;;1.0;NAO;NAO;2100000;3059624.4742834466
A537;3420;5.0;1.0;2;NAO;NAO;NAO;NAO;;0.0;NAO;NAO;1960000;3159345.373607271
A538;1700;3.0;1.0;2;SIM;NAO;NAO;NAO;;;NAO;NAO;1890000;2861904.5940733827
A539;3649;2.0;1.0;1;SIM;NAO;NAO;;NAO;0.0;NAO;NAO;1890000;2646607.3362163263
A540;2990;2.0;1.0;1;NAO;NAO;NAO;NAO;NAO;1.0;NAO;NAO;1855000;2406579.3603914655
A541;3000;;1.0;1;SIM;NAO;SIM;NAO;NAO;2.0;NAO;NAO;1820000;3684697.9151842366
A542;2400;3.0;1.0;1;NAO;NAO;NAO;NAO;NAO;0.0;NAO;PARCIALMENTE;1767150;2410975.592755578
A543;3620;2.0;1.0;1;SIM;NAO;NAO;NAO;NAO;0.0;NAO;NAO;1750000;2640083.0805320973
A544;2910;;1.0;1;NAO;NAO;NAO;NAO;NAO;0.0;NAO;SIM;1750000;2653185.164456219
A545;3850;3.0;1.0;2;SIM;NAO;NAO;NAO;NAO;0.0;NAO;NAO;1750000;3345599.4120420865
